benchmark_id,2025-08-05
FTSE All‑World,-0.9567715458276334
Russell 2000,-0.5887824897400821
S&P 500,0.0
