PE Change (%),PE Value
-20%,17.2
-15%,18.275
-10%,19.35
-4%,20.425
0%,21.5
4%,22.575
10%,23.650000000000002
15%,24.724999999999998
20%,25.8
