benchmark_id,2025-08-05
FTSE All‑World,-0.9578048281505729
Russell 2000,-0.5824695399163484
S&P 500,0.0
