benchmark_id,2025-08-05
FTSE All‑World,-0.9597122302158273
Russell 2000,-0.536370903277378
S&P 500,0.0
